-- phpMyAdmin SQL Dump
-- version 5.2.0
-- https://www.phpmyadmin.net/
--
-- Hôte : 127.0.0.1
-- Généré le : mer. 08 mars 2023 à 22:27
-- Version du serveur : 10.4.27-MariaDB
-- Version de PHP : 8.1.12

SET SQL_MODE = "NO_AUTO_VALUE_ON_ZERO";
START TRANSACTION;
SET time_zone = "+00:00";


/*!40101 SET @OLD_CHARACTER_SET_CLIENT=@@CHARACTER_SET_CLIENT */;
/*!40101 SET @OLD_CHARACTER_SET_RESULTS=@@CHARACTER_SET_RESULTS */;
/*!40101 SET @OLD_COLLATION_CONNECTION=@@COLLATION_CONNECTION */;
/*!40101 SET NAMES utf8mb4 */;

--
-- Base de données : `projet_web`
--

-- --------------------------------------------------------

--
-- Structure de la table `jeu`
--

CREATE TABLE `jeu` (
  `idJeu` int(11) NOT NULL,
  `nom` varchar(20) NOT NULL
) ENGINE=InnoDB DEFAULT CHARSET=utf8mb4 COLLATE=utf8mb4_general_ci;

--
-- Déchargement des données de la table `jeu`
--

INSERT INTO `jeu` (`idJeu`, `nom`) VALUES
(1, 'countdown'),
(2, 'timer'),
(3, 'qte');

-- --------------------------------------------------------

--
-- Structure de la table `score`
--

CREATE TABLE `score` (
  `idUser` int(11) NOT NULL,
  `idJeu` int(11) NOT NULL,
  `personalBest` float DEFAULT NULL
) ENGINE=InnoDB DEFAULT CHARSET=utf8mb4 COLLATE=utf8mb4_general_ci;

--
-- Déchargement des données de la table `score`
--

INSERT INTO `score` (`idUser`, `idJeu`, `personalBest`) VALUES
(1, 1, 1.39),
(1, 2, 1.96),
(2, 1, 0.66),
(2, 2, 4.86),
(3, 1, 1.99),
(3, 2, 2.29),
(4, 1, 0.28),
(4, 2, 2.36),
(5, 1, 2.13),
(5, 2, 5.35),
(6, 1, 1.74),
(6, 2, 6.73),
(7, 1, 2.66),
(7, 2, 7.74),
(8, 1, 0.41),
(8, 2, 0.73),
(9, 1, 0.32),
(9, 2, 7.18),
(10, 1, 0.68),
(10, 2, 3.57),
(11, 1, 0.97),
(11, 2, 6.16),
(12, 1, 2.36),
(12, 2, 5.98),
(13, 1, 1.95),
(13, 2, 6.16),
(14, 1, 2.69),
(14, 2, 7.24),
(15, 1, 2.58),
(15, 2, 6.69),
(16, 1, 2.4),
(16, 2, 5.22),
(17, 1, 0.32),
(17, 2, 4.64),
(18, 1, 0.29),
(18, 2, 5.8),
(19, 1, 0.93),
(19, 2, 1.31),
(20, 1, 1.27),
(20, 2, 7.77),
(21, 1, 2.66),
(21, 2, 6.82),
(22, 1, 2.31),
(22, 2, 6.8),
(23, 1, 1.66),
(23, 2, 1.2),
(24, 1, 1.37),
(24, 2, 6.03),
(25, 1, 1.16),
(25, 2, 2.13),
(26, 1, 0.52),
(26, 2, 7.22),
(27, 1, 1.59),
(27, 2, 6.87),
(28, 1, 1.58),
(28, 2, 0.71),
(29, 1, 2.4),
(29, 2, 7.53),
(30, 1, 2.64),
(30, 2, 4.52),
(31, 1, 1.37),
(31, 2, 2.2),
(32, 1, 0.81),
(32, 2, 6.36),
(33, 1, 1.63),
(33, 2, 2.19),
(34, 1, 2.03),
(34, 2, 5.86),
(35, 1, 1.62),
(35, 2, 1.45),
(36, 1, 2.46),
(36, 2, 5.63),
(37, 1, 2.89),
(37, 2, 7.63),
(38, 1, 0.25),
(38, 2, 1.96),
(39, 1, 2.53),
(39, 2, 6.46),
(40, 1, 1.65),
(40, 2, 1.06),
(41, 1, 1.9),
(41, 2, 7.06),
(42, 1, 1.93),
(42, 2, 6.08),
(43, 1, 2.71),
(43, 2, 7.64),
(44, 1, 2.96),
(44, 2, 5.67),
(45, 1, 0.37),
(45, 2, 0.96),
(46, 1, 0.88),
(46, 2, 4.83),
(47, 1, 2.99),
(47, 2, 4.33),
(48, 1, 0.58),
(48, 2, 1.95),
(49, 1, 1.45),
(49, 2, 7.48),
(50, 1, 2.79),
(50, 2, 6.72),
(51, 1, 2.72),
(51, 2, 4.29),
(52, 1, 1.34),
(52, 2, 4.53),
(53, 1, 0.81),
(53, 2, 5.57),
(54, 1, 2.08),
(54, 2, 4.15),
(55, 1, 1.72),
(55, 2, 0.94),
(56, 1, 0.27),
(56, 2, 6.53),
(57, 1, 2.23),
(57, 2, 2.04),
(58, 1, 0.72),
(58, 2, 6.49),
(59, 1, 0.27),
(59, 2, 5.44),
(60, 1, 1.33),
(60, 2, 6.85),
(61, 1, 0.98),
(61, 2, 7.07),
(62, 1, 0.21),
(62, 2, 2.12),
(63, 1, 2.43),
(63, 2, 3.81),
(64, 1, 2.19),
(64, 2, 1.67),
(65, 1, 2.4),
(65, 2, 3.8),
(66, 1, 2.25),
(66, 2, 5.07),
(67, 1, 0.28),
(67, 2, 5.04),
(68, 1, 2.92),
(68, 2, 5.06),
(69, 1, 0.23),
(69, 2, 0.58),
(70, 1, 1.3),
(70, 2, 3.97),
(71, 1, 2.18),
(71, 2, 2.26),
(72, 1, 0.41),
(72, 2, 5.85),
(73, 1, 1.03),
(73, 2, 2.37),
(74, 1, 2.71),
(74, 2, 1.02),
(75, 1, 1.46),
(75, 2, 2.86),
(76, 1, 1.67),
(76, 2, 4.48),
(77, 1, 1.61),
(77, 2, 2.73),
(78, 1, 1.83),
(78, 2, 1.6),
(79, 1, 1.23),
(79, 2, 6.67),
(80, 1, 1.3),
(80, 2, 3.34),
(81, 1, 2.32),
(81, 2, 6.72),
(82, 1, 0.61),
(82, 2, 3.33),
(83, 1, 2.95),
(83, 2, 2.39),
(84, 1, 1.18),
(84, 2, 3.62),
(85, 1, 1.1),
(85, 2, 2.5),
(86, 1, 0.58),
(86, 2, 1.47),
(87, 1, 1.84),
(87, 2, 5.27),
(88, 1, 1.41),
(88, 2, 5.98),
(89, 1, 1.92),
(89, 2, 4.51),
(90, 1, 0.31),
(90, 2, 2.19),
(91, 1, 0.82),
(91, 2, 6.61),
(92, 1, 1.6),
(92, 2, 2),
(93, 1, 0.84),
(93, 2, 5.05),
(94, 1, 1.91),
(94, 2, 7.17),
(95, 1, 0.4),
(95, 2, 3.56),
(96, 1, 1.02),
(96, 2, 4.12),
(97, 1, 1.9),
(97, 2, 4.73),
(98, 1, 0.65),
(98, 2, 5.46),
(99, 1, 0.78),
(99, 2, 7.4),
(100, 1, 2.12),
(100, 2, 1.51),
(101, 1, 0.84),
(101, 2, 2.65),
(102, 1, 2),
(102, 2, 0.93),
(103, 1, 2.94),
(103, 2, 4.72),
(104, 1, 1.1),
(104, 2, 4.89),
(105, 1, 2.62),
(105, 2, 6.78),
(106, 1, 1.99),
(106, 2, 7.39),
(107, 1, 0.54),
(107, 2, 6.66),
(108, 1, 2.62),
(108, 2, 1.28),
(109, 1, 1.55),
(109, 2, 2.4),
(110, 1, 0.79),
(110, 2, 4.24),
(111, 1, 0.77),
(111, 2, 3.21),
(112, 1, 2.99),
(112, 2, 2.26),
(113, 1, 2.57),
(113, 2, 4.44),
(114, 1, 2.22),
(114, 2, 7.88),
(115, 1, 1.11),
(115, 2, 4.94),
(116, 1, 2.13),
(116, 2, 7.65),
(117, 1, 0.51),
(117, 2, 3.13),
(118, 1, 1.97),
(118, 2, 1.28),
(119, 1, 2.76),
(119, 2, 4.24),
(120, 1, 0.44),
(120, 2, 3.79),
(121, 1, 1.16),
(121, 2, 1.07),
(122, 1, 2.42),
(122, 2, 2.4),
(123, 1, 1.33),
(123, 2, 5.34),
(124, 1, 0.51),
(124, 2, 1.42),
(125, 1, 1.82),
(125, 2, 5.18),
(126, 1, 0.52),
(126, 2, 5.32),
(127, 1, 0.35),
(127, 2, 1.29),
(128, 1, 2.53),
(128, 2, 3.85),
(129, 1, 1.52),
(129, 2, 7.3),
(130, 1, 2.16),
(130, 2, 3.89),
(131, 1, 0.7),
(131, 2, 1.78),
(132, 1, 1),
(132, 2, 0.69),
(133, 1, 1.53),
(133, 2, 7.63),
(134, 1, 1.56),
(134, 2, 3.94),
(135, 1, 0.67),
(135, 2, 4.49),
(136, 1, 2.73),
(136, 2, 2.7),
(137, 1, 0.93),
(137, 2, 1.88),
(138, 1, 1.57),
(138, 2, 4.69),
(139, 1, 0.82),
(139, 2, 2.66),
(140, 1, 2.25),
(140, 2, 6.45),
(141, 1, 1.15),
(141, 2, 1.46),
(142, 1, 0.62),
(142, 2, 4.41),
(143, 1, 1.34),
(143, 2, 1.54),
(144, 1, 1.65),
(144, 2, 3.77),
(145, 1, 2.63),
(145, 2, 7.5),
(146, 1, 1.24),
(146, 2, 5.03),
(147, 1, 1.28),
(147, 2, 4.29),
(148, 1, 2.79),
(148, 2, 3.74),
(149, 1, 2.51),
(149, 2, 6.47),
(150, 1, 1.54),
(150, 2, 2.31),
(151, 1, 2.83),
(151, 2, 6.73),
(152, 1, 1.71),
(152, 2, 2.18),
(153, 1, 0.76),
(153, 2, 2.12),
(154, 1, 1.27),
(154, 2, 0.97),
(155, 1, 1.65),
(155, 2, 5.3),
(156, 1, 1.96),
(156, 2, 3.79),
(157, 1, 0.68),
(157, 2, 2.04),
(158, 1, 1.87),
(158, 2, 6.22),
(159, 1, 0.72),
(159, 2, 3.47),
(160, 1, 1),
(160, 2, 5.28),
(161, 1, 1.75),
(161, 2, 1.39),
(162, 1, 1.73),
(162, 2, 6.09),
(163, 1, 0.66),
(163, 2, 1.58),
(164, 1, 1.42),
(164, 2, 3.82),
(165, 1, 2.4),
(165, 2, 2.81),
(166, 1, 1),
(166, 2, 2.41),
(167, 1, 0.41),
(167, 2, 5.23),
(168, 1, 0.44),
(168, 2, 4.8),
(169, 1, 0.76),
(169, 2, 4.49),
(170, 1, 0.4),
(170, 2, 6.99),
(171, 1, 1.83),
(171, 2, 1.79),
(172, 1, 1.12),
(172, 2, 3.59),
(173, 1, 1.85),
(173, 2, 5.79),
(174, 1, 0.95),
(174, 2, 6.36),
(175, 1, 0.53),
(175, 2, 0.65),
(176, 1, 2.8),
(176, 2, 1.59),
(177, 1, 0.23),
(177, 2, 5.67),
(178, 1, 2.36),
(178, 2, 3.8),
(179, 1, 0.99),
(179, 2, 4.86),
(180, 1, 1.1),
(180, 2, 2.12),
(181, 1, 2.08),
(181, 2, 4.67),
(182, 1, 1.54),
(182, 2, 7.12),
(183, 1, 0.91),
(183, 2, 6.68),
(184, 1, 2.79),
(184, 2, 1.86),
(185, 1, 2.78),
(185, 2, 1.85),
(186, 1, 0.3),
(186, 2, 2.11),
(187, 1, 2.35),
(187, 2, 3.95),
(188, 1, 2.65),
(188, 2, 1.19),
(189, 1, 0.4),
(189, 2, 7.66),
(190, 1, 0.36),
(190, 2, 3.76),
(191, 1, 1.02),
(191, 2, 3.47),
(192, 1, 0.63),
(192, 2, 5.34),
(193, 1, 1.22),
(193, 2, 6.63),
(194, 1, 2.49),
(194, 2, 1.99),
(195, 1, 0.73),
(195, 2, 3.56),
(196, 1, 1.23),
(196, 2, 0.74),
(197, 1, 0.49),
(197, 2, 5.43),
(198, 1, 2.42),
(198, 2, 1.45),
(199, 1, 2.43),
(199, 2, 1.64),
(200, 1, 1.81),
(200, 2, 5.45)

-- --------------------------------------------------------

--
-- Structure de la table `user`
--

CREATE TABLE `user` (
  `idUser` int(11) NOT NULL,
  `username` varchar(10) NOT NULL,
  `password` varchar(20) NOT NULL
) ENGINE=InnoDB DEFAULT CHARSET=utf8mb4 COLLATE=utf8mb4_general_ci;

--
-- Déchargement des données de la table `user`
--

INSERT INTO `user` (`idUser`, `username`, `password`) VALUES
(1,'user1','test'),
(2,'user2','test'),
(3,'user3','test'),
(4,'user4','test'),
(5,'user5','test'),
(6,'user6','test'),
(7,'user7','test'),
(8,'user8','test'),
(9,'user9','test'),
(10,'user10','test'),
(11,'user11','test'),
(12,'user12','test'),
(13,'user13','test'),
(14,'user14','test'),
(15,'user15','test'),
(16,'user16','test'),
(17,'user17','test'),
(18,'user18','test'),
(19,'user19','test'),
(20,'user20','test'),
(21,'user21','test'),
(22,'user22','test'),
(23,'user23','test'),
(24,'user24','test'),
(25,'user25','test'),
(26,'user26','test'),
(27,'user27','test'),
(28,'user28','test'),
(29,'user29','test'),
(30,'user30','test'),
(31,'user31','test'),
(32,'user32','test'),
(33,'user33','test'),
(34,'user34','test'),
(35,'user35','test'),
(36,'user36','test'),
(37,'user37','test'),
(38,'user38','test'),
(39,'user39','test'),
(40,'user40','test'),
(41,'user41','test'),
(42,'user42','test'),
(43,'user43','test'),
(44,'user44','test'),
(45,'user45','test'),
(46,'user46','test'),
(47,'user47','test'),
(48,'user48','test'),
(49,'user49','test'),
(50,'user50','test'),
(51,'user51','test'),
(52,'user52','test'),
(53,'user53','test'),
(54,'user54','test'),
(55,'user55','test'),
(56,'user56','test'),
(57,'user57','test'),
(58,'user58','test'),
(59,'user59','test'),
(60,'user60','test'),
(61,'user61','test'),
(62,'user62','test'),
(63,'user63','test'),
(64,'user64','test'),
(65,'user65','test'),
(66,'user66','test'),
(67,'user67','test'),
(68,'user68','test'),
(69,'user69','test'),
(70,'user70','test'),
(71,'user71','test'),
(72,'user72','test'),
(73,'user73','test'),
(74,'user74','test'),
(75,'user75','test'),
(76,'user76','test'),
(77,'user77','test'),
(78,'user78','test'),
(79,'user79','test'),
(80,'user80','test'),
(81,'user81','test'),
(82,'user82','test'),
(83,'user83','test'),
(84,'user84','test'),
(85,'user85','test'),
(86,'user86','test'),
(87,'user87','test'),
(88,'user88','test'),
(89,'user89','test'),
(90,'user90','test'),
(91,'user91','test'),
(92,'user92','test'),
(93,'user93','test'),
(94,'user94','test'),
(95,'user95','test'),
(96,'user96','test'),
(97,'user97','test'),
(98,'user98','test'),
(99,'user99','test'),
(100,'user100','test'),
(101,'user101','test'),
(102,'user102','test'),
(103,'user103','test'),
(104,'user104','test'),
(105,'user105','test'),
(106,'user106','test'),
(107,'user107','test'),
(108,'user108','test'),
(109,'user109','test'),
(110,'user110','test'),
(111,'user111','test'),
(112,'user112','test'),
(113,'user113','test'),
(114,'user114','test'),
(115,'user115','test'),
(116,'user116','test'),
(117,'user117','test'),
(118,'user118','test'),
(119,'user119','test'),
(120,'user120','test'),
(121,'user121','test'),
(122,'user122','test'),
(123,'user123','test'),
(124,'user124','test'),
(125,'user125','test'),
(126,'user126','test'),
(127,'user127','test'),
(128,'user128','test'),
(129,'user129','test'),
(130,'user130','test'),
(131,'user131','test'),
(132,'user132','test'),
(133,'user133','test'),
(134,'user134','test'),
(135,'user135','test'),
(136,'user136','test'),
(137,'user137','test'),
(138,'user138','test'),
(139,'user139','test'),
(140,'user140','test'),
(141,'user141','test'),
(142,'user142','test'),
(143,'user143','test'),
(144,'user144','test'),
(145,'user145','test'),
(146,'user146','test'),
(147,'user147','test'),
(148,'user148','test'),
(149,'user149','test'),
(150,'user150','test'),
(151,'user151','test'),
(152,'user152','test'),
(153,'user153','test'),
(154,'user154','test'),
(155,'user155','test'),
(156,'user156','test'),
(157,'user157','test'),
(158,'user158','test'),
(159,'user159','test'),
(160,'user160','test'),
(161,'user161','test'),
(162,'user162','test'),
(163,'user163','test'),
(164,'user164','test'),
(165,'user165','test'),
(166,'user166','test'),
(167,'user167','test'),
(168,'user168','test'),
(169,'user169','test'),
(170,'user170','test'),
(171,'user171','test'),
(172,'user172','test'),
(173,'user173','test'),
(174,'user174','test'),
(175,'user175','test'),
(176,'user176','test'),
(177,'user177','test'),
(178,'user178','test'),
(179,'user179','test'),
(180,'user180','test'),
(181,'user181','test'),
(182,'user182','test'),
(183,'user183','test'),
(184,'user184','test'),
(185,'user185','test'),
(186,'user186','test'),
(187,'user187','test'),
(188,'user188','test'),
(189,'user189','test'),
(190,'user190','test'),
(191,'user191','test'),
(192,'user192','test'),
(193,'user193','test'),
(194,'user194','test'),
(195,'user195','test'),
(196,'user196','test'),
(197,'user197','test'),
(198,'user198','test'),
(199,'user199','test'),
(200,'user200','test')

--
-- Index pour les tables déchargées
--

--
-- Index pour la table `jeu`
--
ALTER TABLE `jeu`
  ADD PRIMARY KEY (`idJeu`);

--
-- Index pour la table `score`
--
ALTER TABLE `score`
  ADD PRIMARY KEY (`idUser`,`idJeu`),
  ADD KEY `idJeu` (`idJeu`);

--
-- Index pour la table `user`
--
ALTER TABLE `user`
  ADD PRIMARY KEY (`idUser`),
  ADD UNIQUE KEY `username` (`username`);

--
-- AUTO_INCREMENT pour les tables déchargées
--

--
-- AUTO_INCREMENT pour la table `jeu`
--
ALTER TABLE `jeu`
  MODIFY `idJeu` int(11) NOT NULL AUTO_INCREMENT, AUTO_INCREMENT=4;

--
-- AUTO_INCREMENT pour la table `user`
--
ALTER TABLE `user`
  MODIFY `idUser` int(11) NOT NULL AUTO_INCREMENT, AUTO_INCREMENT=216;

--
-- Contraintes pour les tables déchargées
--

--
-- Contraintes pour la table `score`
--
ALTER TABLE `score`
  ADD CONSTRAINT `score_ibfk_1` FOREIGN KEY (`idJeu`) REFERENCES `jeu` (`idJeu`),
  ADD CONSTRAINT `score_ibfk_2` FOREIGN KEY (`idUser`) REFERENCES `user` (`idUser`);
COMMIT;

/*!40101 SET CHARACTER_SET_CLIENT=@OLD_CHARACTER_SET_CLIENT */;
/*!40101 SET CHARACTER_SET_RESULTS=@OLD_CHARACTER_SET_RESULTS */;
/*!40101 SET COLLATION_CONNECTION=@OLD_COLLATION_CONNECTION */;
